order,coefficient
15,-1268757.5093052706
14,9242678.107809333
13,-30082194.193145487
12,57590627.82353959
11,-71771759.12040395
10,60724632.467540905
9,-35122894.5894769
8,13454218.300399523
7,-3015187.52017838
6,164558.99481279994
5,117803.60684467887
4,-39134.68792528129
3,5876.312718449911
2,-492.4905981128537
1,26.19764771604726
0,2.4954108986072243
