order,coefficient
15,-1317576.9401288365
14,9609557.40197272
13,-31331309.73538365
12,60138152.8692047
11,-75238055.15896033
10,64040554.78786236
9,-37411690.97300267
8,14605235.257086098
7,-3435754.7728892947
6,274612.1281285069
5,97744.48848574249
4,-36703.667183725585
3,5695.294211580035
2,-485.3767869458132
1,26.096226114973422
0,2.4952848993474617
