order,coefficient
15,-1119320.3634646623
14,8138722.127284053
13,-26428678.639888432
12,50441970.227261394
11,-62580339.03528479
10,52560301.83382432
9,-29994929.050766308
8,11161638.608863514
7,-2290275.1232963614
6,5511.10966589086
5,141171.30465230995
4,-41285.42625954492
3,5981.519266238724
2,-493.4834328702458
1,26.088956011541644
0,2.4973481731954963
