order,coefficient
15,-1312473.744363016
14,9560138.750726022
13,-31117037.8751157
12,59587545.343543544
11,-74303148.0387996
10,62934053.95653542
9,-36473863.23685547
8,14029883.591865245
7,-3180776.951854192
6,194177.68536089177
5,115260.29498225299
4,-39194.644484021585
3,5904.039275322758
2,-493.6396573382714
1,26.16656665694068
0,2.496175534208305
