,Time [s],Current [A],Power [W],Voltage [V],Capacity [Ah],Energy [Wh]
0,0.0,0.194,0.7933461029975567,4.089015431158863,0.0,0.0
1,1851.9,0.014,0.0498974606453358,3.5651668366228217,0.0072018333333333335,0.025668085380304826
